author,author_link,title,url
Victoria Song,https://www.theverge.com/authors/victoria-song,Bellabeat Ivy review: wellness in a pretty package,https://www.theverge.com/23612567/bellabeat-ivy-review-reproductive-health-tracker-wearables
Barbara Krasnoff,https://www.theverge.com/authors/barbara-krasnoff,How to set up two-factor authentication on your online services,https://www.theverge.com/2023/2/28/23619160/passwords-alone-wont-keep-your-accounts-secure-anymore-so-if-youre-not-using-2fa-yet-its-time
Sheena Vasani,https://www.theverge.com/authors/sheena-vasani,Sonos is hosting another refurbished soundbar and speaker sale,https://www.theverge.com/2023/3/3/23622746/sonos-arc-sl-roam-one-speaker-soundbar-deal-sale
Brandon Widder,https://www.theverge.com/authors/brandon-widder,Here are the best Kindle deals right now,https://www.theverge.com/21539047/best-amazon-kindle-deals
Antonio G. Di Benedetto,https://www.theverge.com/authors/antonio-g-di-benedetto,Two of Apple’s best laptops for creators and power users are up to $500 off,https://www.theverge.com/2023/3/3/23622446/apple-macbook-pro-m1-ipad-sony-inzone-h9-logitech-g435-headset-deal-sale
Emma Roth,https://www.theverge.com/authors/emma-roth,How to watch the 2023 Screen Actors Guild Awards,https://www.theverge.com/2023/2/26/23615040/how-to-watch-2023-screen-actors-guild-awards-sag
Brandon Widder,https://www.theverge.com/authors/brandon-widder,Here are the best Amazon Echo deals right now,https://www.theverge.com/21546591/best-amazon-echo-deals
Barbara Krasnoff,https://www.theverge.com/authors/barbara-krasnoff,How to set up two-factor authentication on your online services,https://www.theverge.com/23612381/two-factor-authentication-2fa-amazon-twitter-how-to
Cameron Faulkner,https://www.theverge.com/authors/cameron-faulkner,The best Nintendo Switch controllers to buy right now,https://www.theverge.com/23350899/nintendo-switch-controllers-best-wireless-joy-con-gamepad
Sean Hollister,https://www.theverge.com/authors/sean-hollister,"PSVR 2: how to stay safe, sane, and strong-stomached in Sony’s new headset",https://www.theverge.com/23614036/psvr-2-how-not-to-get-sick-tripping-tracking
Allison Johnson,https://www.theverge.com/authors/allison-johnson,The best phone to buy right now,https://www.theverge.com/22163811/best-phone
Patrick George,https://www.theverge.com/authors/patrick-george,Ford’s self-repossessing car patent is a nightmare of the connected-car future,https://www.theverge.com/2023/3/3/23624328/ford-self-repossessing-car-patent-connected-car-nightmare
Thomas Ricker,https://www.theverge.com/authors/thomas-ricker,Ampler Axel e-bike review: this is the way,https://www.theverge.com/23611678/ampler-electric-bike-review-sporty-commuter-europe
Jess Weatherbed,https://www.theverge.com/authors/jess-weatherbed,Why won’t TikTok confirm the Bold Glamour filter is AI?,https://www.theverge.com/2023/3/2/23621751/bold-glamour-tiktok-face-filter-beauty-ai-ar-body-dismorphia
Alex Cranz,https://www.theverge.com/authors/alex-cranz,I don’t think Meta knows it’s a game company,https://www.theverge.com/2023/3/4/23623081/meta-quest-3-ps3-xbox-one-video-games-yikes
Tom Warren,https://www.theverge.com/authors/tom-warren,AMD Ryzen 9 7950X3D review: closing the Intel gap for gaming,https://www.theverge.com/23613408/amd-ryzen-9-7950x3d-review-cpu-processor-benchmark-test
Antonio G. Di Benedetto,https://www.theverge.com/authors/antonio-g-di-benedetto,Sick of hunt-and-peck? Here’s how to touch-type like a pro,https://www.theverge.com/23623723/touch-typing-keyboard-home-row-qwerty-dvorak-colemak-how-to
Victoria Song,https://www.theverge.com/authors/victoria-song,Whoop whoop: the excellent Whoop fitness tracker got more affordable,https://www.theverge.com/2023/2/16/23602633/whoop-subscription-wearable-fitness-tracker-pricing-inflation
Elizabeth Lopatto,https://www.theverge.com/authors/elizabeth-lopatto,Uh oh! The crypto collapse has reached the real financial system,https://www.theverge.com/2023/3/4/23623964/crypto-silvergate-bank-run-stablecoins-dollars
Victoria Song,https://www.theverge.com/authors/victoria-song,Garmin Vivomove Trend review: trending smarter,https://www.theverge.com/23600040/garmin-vivomove-trend-review-hybrid-smartwatch-wearable
Victoria Song,https://www.theverge.com/authors/victoria-song,Garmin Vivomove Sport review: the right mix of form and function,https://www.theverge.com/22882401/garmin-vivomove-sport-review-fitness-tracker-smartwatch-wearables
Victoria Song,https://www.theverge.com/authors/victoria-song,Oura Ring Generation 3 review: a relationship for the long term,https://www.theverge.com/22789248/oura-ring-3-review-sleep-tracker-fitness-tracker
Victoria Song,https://www.theverge.com/authors/victoria-song,Only athletes should give a whoop about Whoop,https://www.theverge.com/22957195/whoop-review-fitness-tracker-wearables
Victoria Song,https://www.theverge.com/authors/victoria-song,Amazon Halo View review: the Fitbit clone no one asked for,https://www.theverge.com/22834452/amazon-halo-view-review-fitness-trackers
Victoria Song,https://www.theverge.com/authors/victoria-song,The Apple Watch SE is a first-time buyer’s smartwatch,https://www.theverge.com/23369207/apple-watch-se-2022-review-smartwatch
Chris Welch,https://www.theverge.com/authors/chris-welch,Exclusive: these are the new Sonos Era speakers,https://www.theverge.com/2023/2/20/23606369/sonos-era-300-100-speakers-leak-features-price-photos
Chris Welch,https://www.theverge.com/authors/chris-welch,The best soundbars to buy in 2022,https://www.theverge.com/22950789/best-soundbar
author,author_link,title,url
Sheena Vasani,https://www.theverge.com/authors/sheena-vasani,Sonos is hosting another refurbished soundbar and speaker sale,https://www.theverge.com/2023/3/3/23622746/sonos-arc-sl-roam-one-speaker-soundbar-deal-sale
Brandon Widder,https://www.theverge.com/authors/brandon-widder,Here are the best Kindle deals right now,https://www.theverge.com/21539047/best-amazon-kindle-deals
Cameron Faulkner,https://www.theverge.com/authors/cameron-faulkner,The best Nintendo Switch controllers to buy right now,https://www.theverge.com/23350899/nintendo-switch-controllers-best-wireless-joy-con-gamepad
Brandon Widder,https://www.theverge.com/authors/brandon-widder,Here are the best Amazon Echo deals right now,https://www.theverge.com/21546591/best-amazon-echo-deals
Antonio G. Di Benedetto,https://www.theverge.com/authors/antonio-g-di-benedetto,Two of Apple’s best laptops for creators and power users are up to $500 off,https://www.theverge.com/2023/3/3/23622446/apple-macbook-pro-m1-ipad-sony-inzone-h9-logitech-g435-headset-deal-sale
Victoria Song,https://www.theverge.com/authors/victoria-song,Bellabeat Ivy review: wellness in a pretty package,https://www.theverge.com/23612567/bellabeat-ivy-review-reproductive-health-tracker-wearables
Barbara Krasnoff,https://www.theverge.com/authors/barbara-krasnoff,How to set up two-factor authentication on your online services,https://www.theverge.com/23612381/two-factor-authentication-2fa-amazon-twitter-how-to
Allison Johnson,https://www.theverge.com/authors/allison-johnson,The best phone to buy right now,https://www.theverge.com/22163811/best-phone
Chris Welch,https://www.theverge.com/authors/chris-welch,The best Bluetooth speakers to buy right now,https://www.theverge.com/23022617/best-bluetooth-speakers
Barbara Krasnoff,https://www.theverge.com/authors/barbara-krasnoff,How to set up two-factor authentication on your online services,https://www.theverge.com/2023/2/28/23619160/passwords-alone-wont-keep-your-accounts-secure-anymore-so-if-youre-not-using-2fa-yet-its-time
Emma Roth,https://www.theverge.com/authors/emma-roth,How to watch the 2023 Screen Actors Guild Awards,https://www.theverge.com/2023/2/26/23615040/how-to-watch-2023-screen-actors-guild-awards-sag
Sean Hollister,https://www.theverge.com/authors/sean-hollister,"PSVR 2: how to stay safe, sane, and strong-stomached in Sony’s new headset",https://www.theverge.com/23614036/psvr-2-how-not-to-get-sick-tripping-tracking
Chris Welch,https://www.theverge.com/authors/chris-welch,Exclusive: these are the new Sonos Era speakers,https://www.theverge.com/2023/2/20/23606369/sonos-era-300-100-speakers-leak-features-price-photos
Chris Welch,https://www.theverge.com/authors/chris-welch,The best soundbars to buy in 2022,https://www.theverge.com/22950789/best-soundbar
Chris Welch,https://www.theverge.com/authors/chris-welch,The best Sonos speakers to buy right now,https://www.theverge.com/23507492/sonos-best-speaker-one-roam-move-five-arc-beam-ray-sub
Chris Welch,https://www.theverge.com/authors/chris-welch,Sonos Arc review: an immersive soundbar that home theater enthusiasts can love,https://www.theverge.com/21279703/sonos-arc-review-dolby-atmos-soundbar-price-specs-features
Chris Welch,https://www.theverge.com/authors/chris-welch,Sonos Roam review: portable potential,https://www.theverge.com/22368487/sonos-roam-bluetooth-speaker-review-features
Emma Roth,https://www.theverge.com/authors/emma-roth,Meet the companies trying to keep up with ChatGPT,https://www.theverge.com/2023/3/5/23599209/companies-keep-up-chatgpt-ai-chatbots
Elizabeth Lopatto,https://www.theverge.com/authors/elizabeth-lopatto,Uh oh! The crypto collapse has reached the real financial system,https://www.theverge.com/2023/3/4/23623964/crypto-silvergate-bank-run-stablecoins-dollars
Alex Cranz,https://www.theverge.com/authors/alex-cranz,I don’t think Meta knows it’s a game company,https://www.theverge.com/2023/3/4/23623081/meta-quest-3-ps3-xbox-one-video-games-yikes
Antonio G. Di Benedetto,https://www.theverge.com/authors/antonio-g-di-benedetto,The best deals on MacBooks right now,https://www.theverge.com/22399419/apple-macbook-air-pro-mac-mini-imac-deals
Jon Porter,https://www.theverge.com/authors/jon-porter,Pixel 7 owners report ‘spontaneously’ shattering camera glass,https://www.theverge.com/2023/1/6/23542070/pixel-7-shattered-camera-glass-problems-hot-cold-temperatures-warranty-fix
Jennifer Pattison Tuohy,https://www.theverge.com/authors/jennifer-tuohy,Amazon Echo Show 15 review: Alexa’s on your wall,https://www.theverge.com/22839220/amazon-echo-show-15-review-wall-mounted-alexa-tablet-kitchen-tv
Jay Peters,https://www.theverge.com/authors/jay-peters,Ted Lasso is extra feel-good in its official season 3 trailer,https://www.theverge.com/2023/2/27/23616924/ted-lasso-season-3-trailer-feel-good
Adi Robertson,https://www.theverge.com/authors/adi-robertson,President Joe Biden’s new cybersecurity plan would crack down on ‘insecure’ software,https://www.theverge.com/2023/3/2/23622042/biden-cybersecurity-strategy-ransomware-china-cloud-providers-china
Charles Pulliam-Moore,https://www.theverge.com/authors/charles-pulliam-moore,The original Pokémon TCG base set is coming back as a trio of premium decks,https://www.theverge.com/2023/2/27/23616776/pokemon-tcg-classic-premium-deck-trading-cards
Andrew Webster,https://www.theverge.com/authors/andrew-webster,MLS opening weekend on Apple TV points to an expensive future for sports streaming,https://www.theverge.com/2023/2/27/23616811/mls-soccer-season-pass-apple-tv-opening-weekend-price
Allison Johnson,https://www.theverge.com/authors/allison-johnson,Apple iPhone 14 Plus review: a big deal,https://www.theverge.com/23387809/apple-iphone-14-plus-review-screen-battery-camera-price
Victoria Song,https://www.theverge.com/authors/victoria-song,Whoop whoop: the excellent Whoop fitness tracker got more affordable,https://www.theverge.com/2023/2/16/23602633/whoop-subscription-wearable-fitness-tracker-pricing-inflation
Dan Seifert,https://www.theverge.com/authors/dan-seifert,"Sonos Move review: house shaker, not road warrior",https://www.theverge.com/2019/9/18/20871409/sonos-move-wireless-bluetooth-speaker-review-alexa-google-assistant-wifi-price-specs-sound-quality
Mitchell Clark,https://www.theverge.com/authors/mitchell-clark,Wireless ISP Starry is filing for bankruptcy,https://www.theverge.com/2023/2/21/23608940/starry-bankruptcy-chapter-11-wireless-internet-service-provider
Richard Lawler,https://www.theverge.com/authors/richard-lawler,,https://www.theverge.com/2023/2/21/23608890/if-you-need-to-use-ai-to-respond-to-a-tragedy-maybe-its-better-to-say-nothing-at-all
Victoria Song,https://www.theverge.com/authors/victoria-song,Biden won’t stop a potential ban on importing Apple Watches,https://www.theverge.com/2023/2/21/23608810/apple-watch-alivecor-biden-itc-import-ban
